timestamp;count
2022-03-15 14:27;2
2022-03-15 14:28;5
2022-03-15 14:29;8
2022-03-15 14:30;10
2022-03-15 14:31;3
2022-03-15 14:32;20
2022-03-15 14:33;6
2022-03-15 14:34;8
2022-03-15 14:35;6
2022-03-15 14:36;4
2022-03-15 14:37;7
2022-03-15 14:38;5
2022-03-15 14:39;5
2022-03-15 14:40;1
2022-03-15 14:41;5
2022-03-15 14:42;4
2022-03-15 14:43;2
2022-03-15 14:44;2
2022-03-15 14:45;4
2022-03-15 14:46;5
2022-03-15 14:47;5
2022-03-15 14:48;1
2022-03-15 14:49;4
2022-03-15 14:50;4
2022-03-15 14:51;1
2022-03-15 14:52;7
2022-03-15 14:53;6
2022-03-15 14:54;7
2022-03-15 14:55;3
2022-03-15 14:56;6
2022-03-15 14:57;3
2022-03-15 14:58;7
2022-03-15 14:59;6
2022-03-15 15:00;4
2022-03-15 15:01;6
2022-03-15 15:02;4
2022-03-15 15:03;4
2022-03-15 15:04;10
2022-03-15 15:05;3
2022-03-15 15:06;2
2022-03-15 15:07;5
2022-03-15 15:08;2
2022-03-15 15:09;3
2022-03-15 15:10;4
2022-03-15 15:11;5
2022-03-15 15:12;4
2022-03-15 15:13;4
2022-03-15 15:14;6
2022-03-15 15:15;6
2022-03-15 15:16;3
2022-03-15 15:17;5
2022-03-15 15:18;8
2022-03-15 15:19;4
2022-03-15 15:20;2
2022-03-15 15:21;7
2022-03-15 15:22;4
2022-03-15 15:23;3
2022-03-15 15:24;2
2022-03-15 15:25;5
2022-03-15 15:26;9
2022-03-15 15:27;4
2022-03-15 15:28;6
2022-03-15 15:29;3
2022-03-15 15:30;6
2022-03-15 15:31;8
2022-03-15 15:32;5
2022-03-15 15:33;3
2022-03-15 15:34;7
2022-03-15 15:35;2
2022-03-15 15:36;6
2022-03-15 15:37;2
2022-03-15 15:38;6
2022-03-15 15:39;6
2022-03-15 15:40;5
2022-03-15 15:41;3
2022-03-15 15:42;6
2022-03-15 15:43;5
2022-03-15 15:44;6
2022-03-15 15:45;8
2022-03-15 15:46;6
2022-03-15 15:47;4
2022-03-15 15:48;4
2022-03-15 15:49;4
2022-03-15 15:50;7
2022-03-15 15:51;7
2022-03-15 15:52;5
2022-03-15 15:53;3
2022-03-15 15:54;3
2022-03-15 15:55;4
2022-03-15 15:56;3
2022-03-15 15:57;9
2022-03-15 15:58;8
2022-03-15 15:59;6
2022-03-15 16:00;5
2022-03-15 16:01;5
2022-03-15 16:02;6
2022-03-15 16:03;5
2022-03-15 16:04;3
2022-03-15 16:05;3
2022-03-15 16:06;4
2022-03-15 16:07;2
2022-03-15 16:08;4
2022-03-15 16:09;6
2022-03-15 16:10;5
2022-03-15 16:11;5
2022-03-15 16:12;6
2022-03-15 16:13;7
2022-03-15 16:14;7
2022-03-15 16:15;7
2022-03-15 16:16;10
2022-03-15 16:17;6
2022-03-15 16:18;5
2022-03-15 16:19;6
2022-03-15 16:20;11
2022-03-15 16:21;4
2022-03-15 16:22;5
2022-03-15 16:23;6
2022-03-15 16:24;2
2022-03-15 16:25;6
2022-03-15 16:26;7
2022-03-15 16:27;2
2022-03-15 16:28;8
2022-03-15 16:29;4
2022-03-15 16:30;3
2022-03-15 16:31;2
2022-03-15 16:32;2
2022-03-15 16:33;4
2022-03-15 16:34;5
2022-03-15 16:35;1
2022-03-15 16:36;6
2022-03-15 16:37;2
2022-03-15 16:38;8
2022-03-15 16:39;2
2022-03-15 16:40;1
2022-03-15 16:41;9
2022-03-15 16:42;4
2022-03-15 16:43;4
2022-03-15 16:44;8
2022-03-15 16:45;4
2022-03-15 16:46;7
2022-03-15 16:47;3
2022-03-15 16:48;9
2022-03-15 16:49;7
2022-03-15 16:50;8
2022-03-15 16:51;7
2022-03-15 16:52;4
2022-03-15 16:53;7
2022-03-15 16:54;6
2022-03-15 16:55;6
2022-03-15 16:56;9
2022-03-15 16:57;8
2022-03-15 16:58;7
2022-03-15 16:59;5
2022-03-15 17:00;7
2022-03-15 17:01;6
2022-03-15 17:02;3
2022-03-15 17:03;6
2022-03-15 17:04;13
2022-03-15 17:05;11
2022-03-15 17:06;7
2022-03-15 17:07;10
2022-03-15 17:08;7
2022-03-15 17:09;9
2022-03-15 17:10;8
2022-03-15 17:11;12
2022-03-15 17:12;8
2022-03-15 17:13;5
2022-03-15 17:14;9
2022-03-15 17:15;8
2022-03-15 17:16;5
2022-03-15 17:17;7
2022-03-15 17:18;7
2022-03-15 17:19;6
2022-03-15 17:20;6
2022-03-15 17:21;12
2022-03-15 17:22;8
2022-03-15 17:23;17
2022-03-15 17:24;8
2022-03-15 17:25;10
2022-03-15 17:26;8
2022-03-15 17:27;13
2022-03-15 17:28;12
2022-03-15 17:29;7
2022-03-15 17:30;9
2022-03-15 17:31;6
2022-03-15 17:32;9
2022-03-15 17:33;10
2022-03-15 17:34;13
2022-03-15 17:35;4
2022-03-15 17:36;10
2022-03-15 17:37;12
2022-03-15 17:38;7
2022-03-15 17:39;13
2022-03-15 17:40;8
2022-03-15 17:41;9
2022-03-15 17:42;14
2022-03-15 17:43;6
2022-03-15 17:44;11
2022-03-15 17:45;11
2022-03-15 17:46;9
2022-03-15 17:47;8
2022-03-15 17:48;18
2022-03-15 17:49;7
2022-03-15 17:50;9
2022-03-15 17:51;9
2022-03-15 17:52;8
2022-03-15 17:53;13
2022-03-15 17:54;12
2022-03-15 17:55;6
2022-03-15 17:56;10
2022-03-15 17:57;8
2022-03-15 17:58;7
2022-03-15 17:59;16
2022-03-15 18:00;11
2022-03-15 18:01;6
2022-03-15 18:02;14
2022-03-15 18:03;6
2022-03-15 18:04;3
2022-03-15 18:05;6
2022-03-15 18:06;5
2022-03-15 18:07;4
2022-03-15 18:08;3
2022-03-15 18:09;4
2022-03-15 18:10;7
2022-03-15 18:11;11
2022-03-15 18:12;13
2022-03-15 18:13;7
2022-03-15 18:14;6
2022-03-15 18:15;5
2022-03-15 18:16;7
2022-03-15 18:17;9
2022-03-15 18:18;10
2022-03-15 18:19;8
2022-03-15 18:20;5
2022-03-15 18:21;10
2022-03-15 18:22;6
2022-03-15 18:23;6
2022-03-15 18:24;8
2022-03-15 18:25;3
2022-03-15 18:26;6
2022-03-15 18:27;6
2022-03-15 18:28;3
2022-03-15 18:29;4
2022-03-15 18:30;4
2022-03-15 18:31;6
2022-03-15 18:32;3
2022-03-15 18:33;1
2022-03-15 18:34;12
2022-03-15 18:35;7
2022-03-15 18:36;9
2022-03-15 18:37;11
2022-03-15 18:38;8
2022-03-15 18:39;6
2022-03-15 18:40;9
2022-03-15 18:41;9
2022-03-15 18:42;6
2022-03-15 18:43;8
2022-03-15 18:44;12
2022-03-15 18:45;7
2022-03-15 18:46;9
2022-03-15 18:47;3
2022-03-15 18:48;7
2022-03-15 18:49;6
2022-03-15 18:50;7
2022-03-15 18:51;7
2022-03-15 18:52;9
2022-03-15 18:53;6
2022-03-15 18:54;7
2022-03-15 18:55;8
2022-03-15 18:56;9
2022-03-15 18:57;1
2022-03-15 18:58;8
2022-03-15 18:59;10
2022-03-15 19:00;5
2022-03-15 19:01;6
2022-03-15 19:02;5
2022-03-15 19:03;8
2022-03-15 19:04;6
2022-03-15 19:05;6
2022-03-15 19:06;3
2022-03-15 19:07;9
2022-03-15 19:08;8
2022-03-15 19:09;6
2022-03-15 19:10;6
2022-03-15 19:11;3
2022-03-15 19:12;6
2022-03-15 19:13;5
2022-03-15 19:14;7
2022-03-15 19:15;9
2022-03-15 19:16;4
2022-03-15 19:17;5
2022-03-15 19:18;5
2022-03-15 19:19;5
2022-03-15 19:20;2
2022-03-15 19:21;3
2022-03-15 19:22;6
2022-03-15 19:23;5
2022-03-15 19:24;4
2022-03-15 19:25;9
2022-03-15 19:26;7
2022-03-15 19:27;2
2022-03-15 19:28;2
2022-03-15 19:29;1
2022-03-15 19:30;6
2022-03-15 19:31;6
2022-03-15 19:32;7
2022-03-15 19:33;8
2022-03-15 19:34;7
2022-03-15 19:35;3
2022-03-15 19:36;10
2022-03-15 19:37;7
2022-03-15 19:38;10
2022-03-15 19:39;2
2022-03-15 19:40;6
2022-03-15 19:41;7
2022-03-15 19:42;4
2022-03-15 19:43;6
2022-03-15 19:44;6
2022-03-15 19:45;7
2022-03-15 19:46;4
2022-03-15 19:47;2
2022-03-15 19:48;8
2022-03-15 19:49;4
2022-03-15 19:50;7
2022-03-15 19:51;4
2022-03-15 19:52;3
2022-03-15 19:53;8
2022-03-15 19:54;2
2022-03-15 19:55;6
2022-03-15 19:56;3
2022-03-15 19:57;4
2022-03-15 19:58;4
2022-03-15 19:59;8
2022-03-15 20:00;3
2022-03-15 20:01;5
2022-03-15 20:02;6
2022-03-15 20:03;5
2022-03-15 20:04;7
2022-03-15 20:05;10
2022-03-15 20:06;12
2022-03-15 20:07;8
2022-03-15 20:08;6
2022-03-15 20:09;8
2022-03-15 20:10;7
2022-03-15 20:11;6
2022-03-15 20:12;3
2022-03-15 20:13;4
2022-03-15 20:14;5
2022-03-15 20:15;11
2022-03-15 20:16;1
2022-03-15 20:17;4
2022-03-15 20:18;7
2022-03-15 20:19;4
2022-03-15 20:20;3
2022-03-15 20:21;6
2022-03-15 20:22;3
2022-03-15 20:23;6
2022-03-15 20:24;7
2022-03-15 20:25;6
2022-03-15 20:26;6
2022-03-15 20:27;5
2022-03-15 20:28;4
2022-03-15 20:29;4
2022-03-15 20:30;4
2022-03-15 20:31;5
2022-03-15 20:32;2
2022-03-15 20:33;7
2022-03-15 20:34;4
2022-03-15 20:35;3
2022-03-15 20:36;3
2022-03-15 20:37;6
2022-03-15 20:38;5
2022-03-15 20:39;3
2022-03-15 20:40;4
2022-03-15 20:41;4
2022-03-15 20:42;7
2022-03-15 20:43;7
2022-03-15 20:44;1
2022-03-15 20:45;4
2022-03-15 20:46;3
2022-03-15 20:47;7
2022-03-15 20:48;4
2022-03-15 20:49;6
2022-03-15 20:50;2
2022-03-15 20:51;1
2022-03-15 20:52;7
2022-03-15 20:53;5
2022-03-15 20:54;4
2022-03-15 20:55;8
2022-03-15 20:56;4
2022-03-15 20:57;2
2022-03-15 20:58;3
2022-03-15 20:59;4
2022-03-15 21:00;2
2022-03-15 21:01;3
2022-03-15 21:02;4
2022-03-15 21:03;9
2022-03-15 21:04;9
2022-03-15 21:05;4
2022-03-15 21:06;2
2022-03-15 21:07;5
2022-03-15 21:08;5
2022-03-15 21:09;6
2022-03-15 21:10;4
2022-03-15 21:11;1
2022-03-15 21:12;3
2022-03-15 21:13;2
2022-03-15 21:14;2
2022-03-15 21:15;3
2022-03-15 21:16;2
2022-03-15 21:17;5
2022-03-15 21:18;4
2022-03-15 21:19;4
2022-03-15 21:20;6
2022-03-15 21:21;6
2022-03-15 21:22;5
2022-03-15 21:23;8
2022-03-15 21:24;7
2022-03-15 21:25;2
2022-03-15 21:26;6
2022-03-15 21:27;1
2022-03-15 21:28;6
2022-03-15 21:29;2
2022-03-15 21:30;7
2022-03-15 21:31;3
2022-03-15 21:32;2
2022-03-15 21:33;4
2022-03-15 21:34;1
2022-03-15 21:35;1
2022-03-15 21:36;4
2022-03-15 21:37;1
2022-03-15 21:38;1
2022-03-15 21:39;4
2022-03-15 21:40;6
2022-03-15 21:41;6
2022-03-15 21:42;4
2022-03-15 21:43;2
2022-03-15 21:45;3
2022-03-15 21:46;3
2022-03-15 21:47;7
2022-03-15 21:48;6
2022-03-15 21:49;4
2022-03-15 21:50;3
2022-03-15 21:51;5
2022-03-15 21:52;2
2022-03-15 21:53;3
2022-03-15 21:54;1
2022-03-15 21:55;4
2022-03-15 21:56;1
2022-03-15 21:57;2
2022-03-15 21:58;1
2022-03-15 21:59;2
2022-03-15 22:00;4
2022-03-15 22:01;2
2022-03-15 22:02;3
2022-03-15 22:03;3
2022-03-15 22:04;2
2022-03-15 22:05;4
2022-03-15 22:06;2
2022-03-15 22:07;1
2022-03-15 22:08;1
2022-03-15 22:09;3
2022-03-15 22:10;3
2022-03-15 22:11;1
2022-03-15 22:12;2
2022-03-15 22:13;4
2022-03-15 22:14;2
2022-03-15 22:15;2
2022-03-15 22:17;3
2022-03-15 22:18;1
2022-03-15 22:19;2
2022-03-15 22:20;3
2022-03-15 22:21;1
2022-03-15 22:23;2
2022-03-15 22:24;1
2022-03-15 22:25;2
2022-03-15 22:29;3
2022-03-15 22:30;1
2022-03-15 22:31;5
2022-03-15 22:32;1
2022-03-15 22:33;2
2022-03-15 22:34;5
2022-03-15 22:35;1
2022-03-15 22:37;5
2022-03-15 22:39;2
2022-03-15 22:40;1
2022-03-15 22:43;2
2022-03-15 22:44;1
2022-03-15 22:45;4
2022-03-15 22:47;3
2022-03-15 22:48;2
2022-03-15 22:49;5
2022-03-15 22:50;1
2022-03-15 22:51;1
2022-03-15 22:52;1
2022-03-15 22:53;4
2022-03-15 22:54;1
2022-03-15 22:55;1
2022-03-15 22:56;2
2022-03-15 22:57;2
2022-03-15 23:00;3
2022-03-15 23:02;2
2022-03-15 23:05;2
2022-03-15 23:06;4
2022-03-15 23:08;1
2022-03-15 23:09;1
2022-03-15 23:10;1
2022-03-15 23:11;1
2022-03-15 23:12;1
2022-03-15 23:13;2
2022-03-15 23:15;1
2022-03-15 23:17;1
2022-03-15 23:19;2
2022-03-15 23:20;1
2022-03-15 23:21;1
2022-03-15 23:23;2
2022-03-15 23:24;2
2022-03-15 23:26;2
2022-03-15 23:27;4
2022-03-15 23:29;1
2022-03-15 23:30;1
2022-03-15 23:31;1
2022-03-15 23:35;1
2022-03-15 23:36;1
2022-03-15 23:38;2
2022-03-15 23:44;1
2022-03-15 23:45;1
2022-03-15 23:46;2
2022-03-15 23:47;1
2022-03-15 23:53;1
2022-03-15 23:56;1
2022-03-15 23:57;1
2022-03-15 23:58;1
2022-03-16 00:00;1
2022-03-16 00:01;1
2022-03-16 00:06;1
2022-03-16 00:09;1
2022-03-16 00:11;1
2022-03-16 00:12;1
2022-03-16 00:18;1
2022-03-16 00:28;1
2022-03-16 00:42;1
2022-03-16 00:45;1
2022-03-16 01:00;1
2022-03-16 01:06;1
2022-03-16 01:16;1
2022-03-16 01:22;1
2022-03-16 01:25;1
2022-03-16 01:29;1
2022-03-16 01:30;1
2022-03-16 01:36;1
2022-03-16 01:38;1
2022-03-16 01:41;1
2022-03-16 01:46;1
2022-03-16 01:54;1
2022-03-16 01:56;1
2022-03-16 02:00;1
2022-03-16 02:27;1
2022-03-16 02:44;2
2022-03-16 02:52;1
2022-03-16 03:00;1
2022-03-16 03:38;2
2022-03-16 03:50;1
2022-03-16 04:00;1
2022-03-16 04:30;1
2022-03-16 04:34;1
2022-03-16 04:36;1
2022-03-16 04:39;1
2022-03-16 04:43;1
2022-03-16 04:45;1
2022-03-16 04:47;1
2022-03-16 04:48;1
2022-03-16 04:59;1
2022-03-16 05:00;1
2022-03-16 05:15;1
2022-03-16 05:19;1
2022-03-16 05:24;1
2022-03-16 05:26;1
2022-03-16 05:30;1
2022-03-16 05:36;1
2022-03-16 05:37;1
2022-03-16 05:42;1
2022-03-16 05:43;1
2022-03-16 05:48;1
2022-03-16 05:50;1
2022-03-16 05:54;1
2022-03-16 06:04;4
2022-03-16 06:08;2
2022-03-16 06:12;1
2022-03-16 06:14;2
2022-03-16 06:15;1
2022-03-16 06:17;3
2022-03-16 06:20;1
2022-03-16 06:21;1
2022-03-16 06:23;1
2022-03-16 06:25;1
2022-03-16 06:27;1
2022-03-16 06:31;1
2022-03-16 06:33;1
2022-03-16 06:35;1
2022-03-16 06:36;1
2022-03-16 06:38;4
2022-03-16 06:39;2
2022-03-16 06:40;4
2022-03-16 06:41;2
2022-03-16 06:42;2
2022-03-16 06:43;1
2022-03-16 06:45;3
2022-03-16 06:46;4
2022-03-16 06:48;3
2022-03-16 06:49;5
2022-03-16 06:50;1
2022-03-16 06:51;1
2022-03-16 06:52;2
2022-03-16 06:53;4
2022-03-16 06:55;2
2022-03-16 06:56;4
2022-03-16 06:57;1
2022-03-16 06:58;3
2022-03-16 06:59;1
2022-03-16 07:00;4
2022-03-16 07:01;5
2022-03-16 07:02;1
2022-03-16 07:03;3
2022-03-16 07:04;2
2022-03-16 07:05;6
2022-03-16 07:07;4
2022-03-16 07:08;4
2022-03-16 07:09;2
2022-03-16 07:10;1
2022-03-16 07:11;3
2022-03-16 07:12;7
2022-03-16 07:13;2
2022-03-16 07:14;3
2022-03-16 07:15;5
2022-03-16 07:16;3
2022-03-16 07:17;2
2022-03-16 07:18;4
2022-03-16 07:19;6
2022-03-16 07:20;5
2022-03-16 07:21;2
2022-03-16 07:22;6
2022-03-16 07:23;5
2022-03-16 07:24;4
2022-03-16 07:25;5
2022-03-16 07:26;1
2022-03-16 07:27;2
2022-03-16 07:28;6
2022-03-16 07:29;5
2022-03-16 07:30;12
2022-03-16 07:31;3
2022-03-16 07:32;11
2022-03-16 07:33;4
2022-03-16 07:34;4
2022-03-16 07:35;7
2022-03-16 07:36;3
2022-03-16 07:37;2
2022-03-16 07:38;6
2022-03-16 07:39;3
2022-03-16 07:40;5
2022-03-16 07:41;3
2022-03-16 07:42;4
2022-03-16 07:43;5
2022-03-16 07:44;6
2022-03-16 07:45;10
2022-03-16 07:46;4
2022-03-16 07:47;11
2022-03-16 07:48;3
2022-03-16 07:49;4
2022-03-16 07:50;2
2022-03-16 07:51;2
2022-03-16 07:52;6
2022-03-16 07:53;3
2022-03-16 07:54;4
2022-03-16 07:55;3
2022-03-16 07:56;5
2022-03-16 07:57;5
2022-03-16 07:58;1
2022-03-16 07:59;5
2022-03-16 08:00;7
2022-03-16 08:01;4
2022-03-16 08:02;4
2022-03-16 08:03;4
2022-03-16 08:04;4
2022-03-16 08:05;2
2022-03-16 08:06;4
2022-03-16 08:07;2
2022-03-16 08:08;4
2022-03-16 08:09;3
2022-03-16 08:10;2
2022-03-16 08:11;3
2022-03-16 08:12;2
2022-03-16 08:13;4
2022-03-16 08:14;5
2022-03-16 08:15;6
2022-03-16 08:16;5
2022-03-16 08:17;2
2022-03-16 08:18;3
2022-03-16 08:19;2
2022-03-16 08:20;1
2022-03-16 08:21;4
2022-03-16 08:22;4
2022-03-16 08:24;3
2022-03-16 08:25;1
2022-03-16 08:26;8
2022-03-16 08:27;8
2022-03-16 08:28;2
2022-03-16 08:29;7
2022-03-16 08:30;5
2022-03-16 08:32;7
2022-03-16 08:33;3
2022-03-16 08:34;4
2022-03-16 08:35;8
2022-03-16 08:36;3
2022-03-16 08:37;4
2022-03-16 08:38;5
2022-03-16 08:39;3
2022-03-16 08:40;4
2022-03-16 08:41;3
2022-03-16 08:42;5
2022-03-16 08:43;3
2022-03-16 08:44;5
2022-03-16 08:45;4
2022-03-16 08:46;5
2022-03-16 08:47;3
2022-03-16 08:48;3
2022-03-16 08:49;5
2022-03-16 08:50;4
2022-03-16 08:51;2
2022-03-16 08:52;4
2022-03-16 08:53;6
2022-03-16 08:54;6
2022-03-16 08:55;5
2022-03-16 08:56;3
2022-03-16 08:57;3
2022-03-16 08:58;3
2022-03-16 08:59;2
2022-03-16 09:00;5
2022-03-16 09:01;6
2022-03-16 09:02;5
2022-03-16 09:03;5
2022-03-16 09:04;9
2022-03-16 09:05;4
2022-03-16 09:06;2
2022-03-16 09:07;6
2022-03-16 09:08;3
2022-03-16 09:09;4
2022-03-16 09:10;6
2022-03-16 09:11;5
2022-03-16 09:12;2
2022-03-16 09:13;3
2022-03-16 09:14;4
2022-03-16 09:15;1
2022-03-16 09:16;1
2022-03-16 09:17;2
2022-03-16 09:18;3
2022-03-16 09:19;4
2022-03-16 09:20;3
2022-03-16 09:21;5
2022-03-16 09:22;2
2022-03-16 09:23;8
2022-03-16 09:24;3
2022-03-16 09:25;5
2022-03-16 09:26;4
2022-03-16 09:27;2
2022-03-16 09:28;5
2022-03-16 09:29;8
2022-03-16 09:30;3
2022-03-16 09:31;2
2022-03-16 09:32;1
2022-03-16 09:33;3
2022-03-16 09:34;2
2022-03-16 09:35;6
2022-03-16 09:36;3
2022-03-16 09:37;2
2022-03-16 09:38;3
2022-03-16 09:39;3
2022-03-16 09:40;2
2022-03-16 09:41;4
2022-03-16 09:42;3
2022-03-16 09:43;5
2022-03-16 09:44;5
2022-03-16 09:45;9
2022-03-16 09:46;3
2022-03-16 09:47;3
2022-03-16 09:48;4
2022-03-16 09:49;6
2022-03-16 09:50;3
2022-03-16 09:51;9
2022-03-16 09:52;5
2022-03-16 09:53;4
2022-03-16 09:54;4
2022-03-16 09:55;7
2022-03-16 09:56;9
2022-03-16 09:57;1
2022-03-16 09:58;6
2022-03-16 09:59;4
2022-03-16 10:00;5
2022-03-16 10:01;5
2022-03-16 10:02;2
2022-03-16 10:03;4
2022-03-16 10:04;7
2022-03-16 10:05;1
2022-03-16 10:06;7
2022-03-16 10:07;4
2022-03-16 10:08;3
2022-03-16 10:09;6
2022-03-16 10:10;3
2022-03-16 10:11;6
2022-03-16 10:12;3
2022-03-16 10:13;3
2022-03-16 10:14;7
2022-03-16 10:15;6
2022-03-16 10:16;2
2022-03-16 10:17;6
2022-03-16 10:18;3
2022-03-16 10:19;5
2022-03-16 10:20;3
2022-03-16 10:21;7
2022-03-16 10:22;6
2022-03-16 10:23;6
2022-03-16 10:24;2
2022-03-16 10:25;4
2022-03-16 10:26;4
2022-03-16 10:28;3
2022-03-16 10:29;3
2022-03-16 10:30;3
2022-03-16 10:31;4
2022-03-16 10:32;6
2022-03-16 10:33;1
2022-03-16 10:34;7
2022-03-16 10:35;6
2022-03-16 10:36;2
2022-03-16 10:37;5
2022-03-16 10:38;9
2022-03-16 10:39;7
2022-03-16 10:40;3
2022-03-16 10:41;4
2022-03-16 10:42;1
2022-03-16 10:43;1
2022-03-16 10:44;3
2022-03-16 10:45;9
2022-03-16 10:46;4
2022-03-16 10:48;5
2022-03-16 10:49;7
2022-03-16 10:50;2
2022-03-16 10:51;5
2022-03-16 10:52;6
2022-03-16 10:53;6
2022-03-16 10:54;5
2022-03-16 10:55;1
2022-03-16 10:56;3
2022-03-16 10:57;9
2022-03-16 10:58;9
2022-03-16 10:59;6
2022-03-16 11:00;2
2022-03-16 11:01;3
2022-03-16 11:02;7
2022-03-16 11:03;3
2022-03-16 11:04;5
2022-03-16 11:05;8
2022-03-16 11:06;4
2022-03-16 11:07;4
2022-03-16 11:08;4
2022-03-16 11:09;2
2022-03-16 11:10;3
2022-03-16 11:11;8
2022-03-16 11:12;4
2022-03-16 11:13;3
2022-03-16 11:14;3
2022-03-16 11:15;1
2022-03-16 11:16;6
2022-03-16 11:17;5
2022-03-16 11:18;4
2022-03-16 11:19;4
2022-03-16 11:20;3
2022-03-16 11:21;2
2022-03-16 11:22;4
2022-03-16 11:23;7
2022-03-16 11:24;2
2022-03-16 11:25;6
2022-03-16 11:26;1
2022-03-16 11:27;5
2022-03-16 11:28;7
2022-03-16 11:29;4
2022-03-16 11:30;3
2022-03-16 11:31;4
2022-03-16 11:32;3
2022-03-16 11:33;3
2022-03-16 11:34;5
2022-03-16 11:35;4
2022-03-16 11:36;5
2022-03-16 11:37;5
2022-03-16 11:38;5
2022-03-16 11:39;2
2022-03-16 11:40;4
2022-03-16 11:41;8
2022-03-16 11:42;2
2022-03-16 11:43;1
2022-03-16 11:44;3
2022-03-16 11:45;5
2022-03-16 11:46;7
2022-03-16 11:47;13
2022-03-16 11:48;5
2022-03-16 11:49;4
2022-03-16 11:50;6
2022-03-16 11:51;5
2022-03-16 11:52;5
2022-03-16 11:53;7
2022-03-16 11:54;4
2022-03-16 11:55;4
2022-03-16 11:56;8
2022-03-16 11:57;5
2022-03-16 11:58;7
2022-03-16 11:59;6
2022-03-16 12:00;2
2022-03-16 12:01;3
2022-03-16 12:02;4
2022-03-16 12:03;5
2022-03-16 12:04;4
2022-03-16 12:05;5
2022-03-16 12:06;6
2022-03-16 12:07;3
2022-03-16 12:08;11
2022-03-16 12:09;8
2022-03-16 12:10;5
2022-03-16 12:11;4
2022-03-16 12:12;1
2022-03-16 12:13;3
2022-03-16 12:14;4
2022-03-16 12:15;7
2022-03-16 12:16;3
2022-03-16 12:17;2
2022-03-16 12:18;6
2022-03-16 12:19;4
2022-03-16 12:20;1
2022-03-16 12:21;5
2022-03-16 12:22;5
2022-03-16 12:23;7
2022-03-16 12:24;7
2022-03-16 12:25;1
2022-03-16 12:26;3
2022-03-16 12:27;1
2022-03-16 12:28;8
2022-03-16 12:29;5
2022-03-16 12:30;7
2022-03-16 12:31;9
2022-03-16 12:32;2
2022-03-16 12:33;5
2022-03-16 12:34;6
2022-03-16 12:35;7
2022-03-16 12:36;6
2022-03-16 12:37;4
2022-03-16 12:38;3
2022-03-16 12:39;7
2022-03-16 12:40;6
2022-03-16 12:41;6
2022-03-16 12:42;5
2022-03-16 12:43;1
2022-03-16 12:44;7
2022-03-16 12:45;3
2022-03-16 12:46;4
2022-03-16 12:47;5
2022-03-16 12:48;6
2022-03-16 12:49;8
2022-03-16 12:50;7
2022-03-16 12:51;1
2022-03-16 12:52;3
2022-03-16 12:53;6
2022-03-16 12:54;4
2022-03-16 12:55;7
2022-03-16 12:56;11
2022-03-16 12:57;5
2022-03-16 12:58;10
2022-03-16 12:59;4
2022-03-16 13:00;6
2022-03-16 13:01;3
2022-03-16 13:02;6
2022-03-16 13:03;4
2022-03-16 13:04;7
2022-03-16 13:05;10
2022-03-16 13:06;7
2022-03-16 13:07;10
2022-03-16 13:08;11
2022-03-16 13:09;8
2022-03-16 13:10;6
2022-03-16 13:11;11
2022-03-16 13:12;9
2022-03-16 13:13;4
2022-03-16 13:14;4
2022-03-16 13:15;3
2022-03-16 13:16;8
2022-03-16 13:17;6
2022-03-16 13:18;9
2022-03-16 13:19;10
2022-03-16 13:20;7
2022-03-16 13:21;5
2022-03-16 13:22;6
2022-03-16 13:23;4
2022-03-16 13:24;9
2022-03-16 13:25;5
2022-03-16 13:26;8
2022-03-16 13:27;8
2022-03-16 13:28;9
2022-03-16 13:29;5
2022-03-16 13:30;9
2022-03-16 13:31;4
2022-03-16 13:32;9
2022-03-16 13:33;7
2022-03-16 13:34;8
2022-03-16 13:35;8
2022-03-16 13:36;6
2022-03-16 13:37;4
2022-03-16 13:38;5
2022-03-16 13:39;6
2022-03-16 13:40;5
2022-03-16 13:41;5
2022-03-16 13:42;7
2022-03-16 13:43;7
2022-03-16 13:44;5
2022-03-16 13:45;9
2022-03-16 13:46;4
2022-03-16 13:47;5
2022-03-16 13:48;9
2022-03-16 13:49;7
2022-03-16 13:50;4
2022-03-16 13:51;7
2022-03-16 13:52;5
2022-03-16 13:53;3
2022-03-16 13:54;7
2022-03-16 13:55;3
2022-03-16 13:56;4
2022-03-16 13:57;8
2022-03-16 13:58;3
2022-03-16 13:59;5
2022-03-16 14:00;7
2022-03-16 14:01;9
2022-03-16 14:02;3
2022-03-16 14:03;5
2022-03-16 14:04;8
2022-03-16 14:05;5
2022-03-16 14:06;8
2022-03-16 14:07;9
2022-03-16 14:08;6
2022-03-16 14:09;7
2022-03-16 14:10;6
2022-03-16 14:11;3
2022-03-16 14:12;10
2022-03-16 14:13;6
2022-03-16 14:14;5
2022-03-16 14:15;7
2022-03-16 14:16;3
2022-03-16 14:17;7
2022-03-16 14:18;7
2022-03-16 14:19;10
2022-03-16 14:20;4
2022-03-16 14:21;4
2022-03-16 14:22;5
2022-03-16 14:23;5
2022-03-16 14:24;3
2022-03-16 14:25;6
2022-03-16 14:26;2
2022-03-16 14:27;6
2022-03-16 14:28;6
2022-03-16 14:29;4
2022-03-16 14:30;7
2022-03-16 14:31;4
2022-03-16 14:32;7
2022-03-16 14:33;1
2022-03-16 14:34;8
2022-03-16 14:35;3
2022-03-16 14:36;4
2022-03-16 14:37;5
2022-03-16 14:38;4
2022-03-16 14:39;9
2022-03-16 14:40;1
2022-03-16 14:41;5
2022-03-16 14:42;8
2022-03-16 14:43;5
2022-03-16 14:44;2
2022-03-16 14:45;2
2022-03-16 14:46;4
2022-03-16 14:47;9
2022-03-16 14:48;8
2022-03-16 14:49;3
2022-03-16 14:50;5
2022-03-16 14:51;8
2022-03-16 14:52;2
2022-03-16 14:53;6
2022-03-16 14:54;5
2022-03-16 14:55;4
2022-03-16 14:56;5
2022-03-16 14:57;6
2022-03-16 14:58;2
2022-03-16 14:59;8
2022-03-16 15:00;2
2022-03-16 15:01;5
2022-03-16 15:02;4
2022-03-16 15:03;5
2022-03-16 15:04;3
2022-03-16 15:05;8
2022-03-16 15:06;5
2022-03-16 15:07;9
2022-03-16 15:08;2
2022-03-16 15:09;2
2022-03-16 15:10;6
2022-03-16 15:11;2
2022-03-16 15:12;1
2022-03-16 15:13;2
2022-03-16 15:14;8
2022-03-16 15:15;4
2022-03-16 15:16;4
2022-03-16 15:17;1
2022-03-16 15:18;6
2022-03-16 15:19;4
2022-03-16 15:20;5
2022-03-16 15:21;5
2022-03-16 15:22;4
2022-03-16 15:23;5
2022-03-16 15:24;5
2022-03-16 15:25;5
2022-03-16 15:26;5
2022-03-16 15:27;5
2022-03-16 15:28;4
2022-03-16 15:29;3
2022-03-16 15:30;5
2022-03-16 15:31;6
2022-03-16 15:32;2
2022-03-16 15:33;4
2022-03-16 15:34;6
2022-03-16 15:35;2
2022-03-16 15:36;3
2022-03-16 15:37;5
2022-03-16 15:38;5
2022-03-16 15:39;5
2022-03-16 15:40;5
2022-03-16 15:41;5
2022-03-16 15:42;11
2022-03-16 15:43;8
2022-03-16 15:44;4
2022-03-16 15:45;5
2022-03-16 15:46;3
2022-03-16 15:47;5
2022-03-16 15:48;5
2022-03-16 15:49;6
2022-03-16 15:50;3
2022-03-16 15:51;7
2022-03-16 15:52;4
2022-03-16 15:53;1
2022-03-16 15:54;5
2022-03-16 15:55;8
2022-03-16 15:56;4
2022-03-16 15:57;5
2022-03-16 15:58;6
2022-03-16 15:59;7
2022-03-16 16:00;10
2022-03-16 16:01;4
2022-03-16 16:02;5
2022-03-16 16:03;8
2022-03-16 16:04;4
2022-03-16 16:05;5
2022-03-16 16:06;7
2022-03-16 16:08;4
2022-03-16 16:09;6
2022-03-16 16:10;8
2022-03-16 16:11;2
2022-03-16 16:12;7
2022-03-16 16:13;5
2022-03-16 16:14;2
2022-03-16 16:15;4
2022-03-16 16:16;5
2022-03-16 16:17;6
2022-03-16 16:18;7
2022-03-16 16:19;7
2022-03-16 16:20;3
2022-03-16 16:21;6
2022-03-16 16:22;7
2022-03-16 16:23;3
2022-03-16 16:24;6
2022-03-16 16:25;8
2022-03-16 16:26;1
2022-03-16 16:27;5
2022-03-16 16:28;5
2022-03-16 16:29;6
2022-03-16 16:30;5
2022-03-16 16:31;3
2022-03-16 16:32;6
2022-03-16 16:33;1
2022-03-16 16:34;4
2022-03-16 16:35;4
2022-03-16 16:36;8
2022-03-16 16:37;4
2022-03-16 16:38;10
2022-03-16 16:39;8
2022-03-16 16:40;8
2022-03-16 16:41;6
2022-03-16 16:42;5
2022-03-16 16:43;6
2022-03-16 16:44;4
2022-03-16 16:45;12
2022-03-16 16:46;4
2022-03-16 16:47;2
2022-03-16 16:48;4
2022-03-16 16:49;5
2022-03-16 16:50;7
2022-03-16 16:51;2
2022-03-16 16:52;6
2022-03-16 16:54;4
2022-03-16 16:55;5
2022-03-16 16:56;8
2022-03-16 16:57;1
2022-03-16 16:58;4
2022-03-16 16:59;6
2022-03-16 17:00;5
2022-03-16 17:01;4
2022-03-16 17:02;1
2022-03-16 17:03;4
2022-03-16 17:04;5
2022-03-16 17:05;2
2022-03-16 17:06;7
2022-03-16 17:07;3
2022-03-16 17:08;5
2022-03-16 17:09;4
2022-03-16 17:10;4
2022-03-16 17:11;7
2022-03-16 17:12;5
2022-03-16 17:13;7
2022-03-16 17:14;6
2022-03-16 17:15;10
2022-03-16 17:16;2
2022-03-16 17:17;5
2022-03-16 17:18;5
2022-03-16 17:19;6
2022-03-16 17:20;4
2022-03-16 17:21;3
2022-03-16 17:22;6
2022-03-16 17:24;7
2022-03-16 17:25;5
2022-03-16 17:26;4
2022-03-16 17:27;6
2022-03-16 17:28;6
2022-03-16 17:29;6
2022-03-16 17:30;5
2022-03-16 17:31;7
2022-03-16 17:32;4
2022-03-16 17:33;6
2022-03-16 17:34;8
2022-03-16 17:35;3
2022-03-16 17:36;2
2022-03-16 17:37;6
2022-03-16 17:38;7
2022-03-16 17:39;5
2022-03-16 17:40;8
2022-03-16 17:41;10
2022-03-16 17:42;10
2022-03-16 17:43;2
2022-03-16 17:44;6
2022-03-16 17:45;6
2022-03-16 17:46;4
2022-03-16 17:47;5
2022-03-16 17:48;8
2022-03-16 17:49;6
2022-03-16 17:50;5
2022-03-16 17:51;8
2022-03-16 17:52;4
2022-03-16 17:53;5
2022-03-16 17:54;6
2022-03-16 17:55;3
2022-03-16 17:56;10
2022-03-16 17:57;4
2022-03-16 17:58;5
2022-03-16 17:59;4
2022-03-16 18:00;2
2022-03-16 18:01;11
2022-03-16 18:02;4
2022-03-16 18:03;8
2022-03-16 18:04;6
2022-03-16 18:05;7
2022-03-16 18:06;6
2022-03-16 18:07;4
2022-03-16 18:08;3
2022-03-16 18:09;5
2022-03-16 18:10;10
2022-03-16 18:11;8
2022-03-16 18:12;7
2022-03-16 18:13;5
2022-03-16 18:14;6
2022-03-16 18:15;5
2022-03-16 18:16;8
2022-03-16 18:17;11
2022-03-16 18:18;6
2022-03-16 18:19;10
2022-03-16 18:20;4
2022-03-16 18:21;13
2022-03-16 18:22;4
2022-03-16 18:23;4
2022-03-16 18:24;4
2022-03-16 18:25;3
2022-03-16 18:26;6
2022-03-16 18:27;4
2022-03-16 18:28;2
2022-03-16 18:29;4
2022-03-16 18:30;3
2022-03-16 18:31;6
2022-03-16 18:32;2
2022-03-16 18:33;3
2022-03-16 18:34;5
2022-03-16 18:35;5
2022-03-16 18:36;4
2022-03-16 18:37;6
2022-03-16 18:38;4
2022-03-16 18:39;3
2022-03-16 18:40;7
2022-03-16 18:41;4
2022-03-16 18:42;8
2022-03-16 18:43;12
2022-03-16 18:44;7
2022-03-16 18:45;9
2022-03-16 18:46;2
2022-03-16 18:47;3
2022-03-16 18:48;6
2022-03-16 18:49;2
2022-03-16 18:50;7
2022-03-16 18:51;12
2022-03-16 18:52;5
2022-03-16 18:53;1
2022-03-16 18:54;5
2022-03-16 18:55;7
2022-03-16 18:56;6
2022-03-16 18:57;2
2022-03-16 18:58;10
2022-03-16 18:59;8
2022-03-16 19:00;4
2022-03-16 19:01;7
2022-03-16 19:02;5
2022-03-16 19:03;5
2022-03-16 19:04;3
2022-03-16 19:05;7
2022-03-16 19:06;9
2022-03-16 19:07;7
2022-03-16 19:08;4
2022-03-16 19:09;8
2022-03-16 19:10;3
2022-03-16 19:11;2
2022-03-16 19:12;6
2022-03-16 19:13;4
2022-03-16 19:14;4
2022-03-16 19:15;1
2022-03-16 19:16;2
2022-03-16 19:17;7
2022-03-16 19:18;4
2022-03-16 19:19;3
2022-03-16 19:20;8
2022-03-16 19:21;4
2022-03-16 19:22;4
2022-03-16 19:23;5
2022-03-16 19:24;5
2022-03-16 19:25;2
2022-03-16 19:26;5
2022-03-16 19:27;4
2022-03-16 19:28;6
2022-03-16 19:29;4
2022-03-16 19:30;3
2022-03-16 19:31;1
2022-03-16 19:32;8
2022-03-16 19:33;1
2022-03-16 19:34;5
2022-03-16 19:35;5
2022-03-16 19:36;2
2022-03-16 19:37;2
2022-03-16 19:38;5
2022-03-16 19:39;5
2022-03-16 19:40;5
2022-03-16 19:41;4
2022-03-16 19:42;8
2022-03-16 19:44;2
2022-03-16 19:45;3
2022-03-16 19:46;4
2022-03-16 19:47;5
2022-03-16 19:48;4
2022-03-16 19:49;8
2022-03-16 19:50;7
2022-03-16 19:51;11
2022-03-16 19:52;5
2022-03-16 19:53;2
2022-03-16 19:54;5
2022-03-16 19:55;5
2022-03-16 19:56;3
2022-03-16 19:57;7
2022-03-16 19:58;7
2022-03-16 19:59;5
2022-03-16 20:00;7
2022-03-16 20:01;4
2022-03-16 20:02;3
2022-03-16 20:03;3
2022-03-16 20:04;3
2022-03-16 20:05;5
2022-03-16 20:06;6
2022-03-16 20:07;5
2022-03-16 20:08;2
2022-03-16 20:09;4
2022-03-16 20:10;10
2022-03-16 20:11;6
2022-03-16 20:12;9
2022-03-16 20:13;5
2022-03-16 20:14;12
2022-03-16 20:15;8
2022-03-16 20:16;10
2022-03-16 20:17;6
2022-03-16 20:18;7
2022-03-16 20:19;3
2022-03-16 20:20;4
2022-03-16 20:21;10
2022-03-16 20:22;6
2022-03-16 20:23;5
2022-03-16 20:24;5
2022-03-16 20:25;5
2022-03-16 20:26;4
2022-03-16 20:27;6
2022-03-16 20:28;1
2022-03-16 20:29;8
2022-03-16 20:30;1
2022-03-16 20:31;2
2022-03-16 20:32;6
2022-03-16 20:33;6
2022-03-16 20:34;7
2022-03-16 20:35;9
2022-03-16 20:36;5
2022-03-16 20:37;5
2022-03-16 20:38;5
2022-03-16 20:39;5
2022-03-16 20:40;3
2022-03-16 20:41;5
2022-03-16 20:42;2
2022-03-16 20:43;8
2022-03-16 20:44;6
2022-03-16 20:45;8
2022-03-16 20:46;4
2022-03-16 20:47;2
2022-03-16 20:48;13
2022-03-16 20:49;7
2022-03-16 20:50;4
2022-03-16 20:51;3
2022-03-16 20:52;9
2022-03-16 20:53;9
2022-03-16 20:54;8
2022-03-16 20:55;6
2022-03-16 20:56;4
2022-03-16 20:57;3
2022-03-16 20:58;8
2022-03-16 20:59;2
2022-03-16 21:00;12
2022-03-16 21:01;7
2022-03-16 21:02;2
2022-03-16 21:03;10
2022-03-16 21:04;5
2022-03-16 21:05;11
2022-03-16 21:06;2
2022-03-16 21:07;5
2022-03-16 21:08;5
2022-03-16 21:09;7
2022-03-16 21:10;5
2022-03-16 21:11;7
2022-03-16 21:12;7
2022-03-16 21:13;2
2022-03-16 21:14;5
2022-03-16 21:15;5
2022-03-16 21:16;2
2022-03-16 21:17;6
2022-03-16 21:18;3
2022-03-16 21:19;5
2022-03-16 21:20;1
2022-03-16 21:21;5
2022-03-16 21:22;5
2022-03-16 21:23;5
2022-03-16 21:24;1
2022-03-16 21:25;5
2022-03-16 21:26;6
2022-03-16 21:27;2
2022-03-16 21:28;6
2022-03-16 21:29;4
2022-03-16 21:30;1
2022-03-16 21:31;5
2022-03-16 21:32;7
2022-03-16 21:33;6
2022-03-16 21:34;3
2022-03-16 21:35;2
2022-03-16 21:36;2
2022-03-16 21:37;2
2022-03-16 21:38;2
2022-03-16 21:39;1
2022-03-16 21:40;1
2022-03-16 21:41;2
2022-03-16 21:43;2
2022-03-16 21:45;3
2022-03-16 21:46;2
2022-03-16 21:47;4
2022-03-16 21:48;5
2022-03-16 21:49;5
2022-03-16 21:50;1
2022-03-16 21:51;3
2022-03-16 21:52;3
2022-03-16 21:53;3
2022-03-16 21:54;3
2022-03-16 21:55;5
2022-03-16 21:56;3
2022-03-16 21:57;2
2022-03-16 21:58;1
2022-03-16 21:59;1
2022-03-16 22:01;2
2022-03-16 22:02;3
2022-03-16 22:03;4
2022-03-16 22:04;1
2022-03-16 22:05;5
2022-03-16 22:06;2
2022-03-16 22:07;2
2022-03-16 22:09;4
2022-03-16 22:10;2
2022-03-16 22:11;1
2022-03-16 22:12;2
2022-03-16 22:13;2
2022-03-16 22:14;2
2022-03-16 22:15;4
2022-03-16 22:17;5
2022-03-16 22:18;6
2022-03-16 22:19;4
2022-03-16 22:21;1
2022-03-16 22:23;2
2022-03-16 22:24;2
2022-03-16 22:25;3
2022-03-16 22:26;1
2022-03-16 22:27;5
2022-03-16 22:28;1
2022-03-16 22:30;1
2022-03-16 22:31;1
2022-03-16 22:33;3
2022-03-16 22:34;2
2022-03-16 22:35;3
2022-03-16 22:36;2
2022-03-16 22:37;2
2022-03-16 22:38;2
2022-03-16 22:39;3
2022-03-16 22:40;1
2022-03-16 22:41;1
2022-03-16 22:42;1
2022-03-16 22:43;2
2022-03-16 22:45;1
2022-03-16 22:46;1
2022-03-16 22:50;3
2022-03-16 22:51;2
2022-03-16 22:55;1
2022-03-16 22:56;1
2022-03-16 22:57;1
2022-03-16 22:58;3
2022-03-16 23:00;2
2022-03-16 23:02;3
2022-03-16 23:03;3
2022-03-16 23:04;2
2022-03-16 23:05;2
2022-03-16 23:06;4
2022-03-16 23:08;1
2022-03-16 23:09;2
2022-03-16 23:10;1
2022-03-16 23:11;2
2022-03-16 23:12;1
2022-03-16 23:13;1
2022-03-16 23:14;3
2022-03-16 23:19;2
2022-03-16 23:20;1
2022-03-16 23:21;3
2022-03-16 23:23;1
2022-03-16 23:26;1
2022-03-16 23:29;1
2022-03-16 23:30;1
2022-03-16 23:33;1
2022-03-16 23:37;1
2022-03-16 23:39;1
2022-03-16 23:40;4
2022-03-16 23:41;1
2022-03-16 23:42;1
2022-03-16 23:43;1
2022-03-16 23:45;1
2022-03-16 23:47;1
2022-03-16 23:48;2
2022-03-16 23:49;1
2022-03-16 23:54;2
2022-03-16 23:56;1
2022-03-16 23:59;2
2022-03-17 00:00;1
2022-03-17 00:02;1
2022-03-17 00:07;1
2022-03-17 00:12;1
2022-03-17 00:13;1
2022-03-17 00:15;1
2022-03-17 00:16;2
2022-03-17 00:17;1
2022-03-17 00:21;2
2022-03-17 00:24;1
2022-03-17 00:29;1
2022-03-17 00:30;1
2022-03-17 00:34;1
2022-03-17 00:45;1
2022-03-17 00:50;1
2022-03-17 01:00;1
2022-03-17 01:03;1
2022-03-17 01:12;1
2022-03-17 01:15;1
2022-03-17 01:16;1
2022-03-17 01:17;1
2022-03-17 01:26;1
2022-03-17 01:28;1
2022-03-17 01:30;1
2022-03-17 01:45;1
2022-03-17 02:11;1
2022-03-17 02:15;1
2022-03-17 02:18;1
2022-03-17 02:19;1
2022-03-17 02:30;1
2022-03-17 02:45;1
2022-03-17 03:00;1
2022-03-17 03:15;1
2022-03-17 03:38;1
2022-03-17 04:00;2
2022-03-17 04:25;1
2022-03-17 04:30;2
2022-03-17 04:43;1
2022-03-17 04:58;1
2022-03-17 05:08;1
2022-03-17 05:09;1
2022-03-17 05:15;1
2022-03-17 05:18;1
2022-03-17 05:22;1
2022-03-17 05:30;1
2022-03-17 05:31;1
2022-03-17 05:35;2
2022-03-17 05:38;1
2022-03-17 05:39;1
2022-03-17 05:40;2
2022-03-17 05:47;1
2022-03-17 05:53;1
2022-03-17 05:57;2
2022-03-17 06:01;1
2022-03-17 06:02;2
2022-03-17 06:03;1
2022-03-17 06:05;1
2022-03-17 06:06;1
2022-03-17 06:07;1
2022-03-17 06:10;2
2022-03-17 06:11;1
2022-03-17 06:13;1
2022-03-17 06:14;2
2022-03-17 06:15;1
2022-03-17 06:16;2
2022-03-17 06:17;1
2022-03-17 06:18;3
2022-03-17 06:19;1
2022-03-17 06:20;1
2022-03-17 06:22;1
2022-03-17 06:25;1
2022-03-17 06:28;1
2022-03-17 06:29;1
2022-03-17 06:30;2
2022-03-17 06:31;2
2022-03-17 06:32;1
2022-03-17 06:33;2
2022-03-17 06:34;2
2022-03-17 06:35;3
2022-03-17 06:36;4
2022-03-17 06:37;3
2022-03-17 06:38;1
2022-03-17 06:39;4
2022-03-17 06:40;3
2022-03-17 06:41;5
2022-03-17 06:43;2
2022-03-17 06:44;2
2022-03-17 06:45;5
2022-03-17 06:46;2
2022-03-17 06:47;2
2022-03-17 06:48;2
2022-03-17 06:49;1
2022-03-17 06:50;4
2022-03-17 06:52;3
2022-03-17 06:53;5
2022-03-17 06:54;4
2022-03-17 06:55;7
2022-03-17 06:56;3
2022-03-17 06:57;2
2022-03-17 06:58;3
2022-03-17 06:59;2
2022-03-17 07:00;4
2022-03-17 07:01;4
2022-03-17 07:02;3
2022-03-17 07:03;5
2022-03-17 07:04;9
2022-03-17 07:05;4
2022-03-17 07:06;6
2022-03-17 07:07;2
2022-03-17 07:08;4
2022-03-17 07:09;5
2022-03-17 07:10;8
2022-03-17 07:11;6
2022-03-17 07:12;4
2022-03-17 07:13;2
2022-03-17 07:14;3
2022-03-17 07:15;4
2022-03-17 07:16;6
2022-03-17 07:17;7
2022-03-17 07:18;5
2022-03-17 07:19;3
2022-03-17 07:20;4
2022-03-17 07:21;8
2022-03-17 07:22;3
2022-03-17 07:23;7
2022-03-17 07:24;7
2022-03-17 07:25;2
2022-03-17 07:26;5
2022-03-17 07:27;7
2022-03-17 07:28;5
2022-03-17 07:29;6
2022-03-17 07:30;3
2022-03-17 07:31;10
2022-03-17 07:32;8
2022-03-17 07:33;5
2022-03-17 07:34;4
2022-03-17 07:35;8
2022-03-17 07:36;10
2022-03-17 07:37;6
2022-03-17 07:38;6
2022-03-17 07:39;6
2022-03-17 07:40;7
2022-03-17 07:41;7
2022-03-17 07:42;4
2022-03-17 07:43;6
2022-03-17 07:44;4
2022-03-17 07:45;6
2022-03-17 07:46;3
2022-03-17 07:47;5
2022-03-17 07:48;6
2022-03-17 07:49;6
2022-03-17 07:50;10
2022-03-17 07:51;1
2022-03-17 07:52;4
2022-03-17 07:53;7
2022-03-17 07:54;1
2022-03-17 07:55;3
2022-03-17 07:56;2
2022-03-17 07:57;4
2022-03-17 07:58;3
2022-03-17 07:59;5
2022-03-17 08:00;4
2022-03-17 08:01;2
2022-03-17 08:02;4
2022-03-17 08:03;5
2022-03-17 08:04;7
2022-03-17 08:05;3
2022-03-17 08:06;3
2022-03-17 08:07;3
2022-03-17 08:08;2
2022-03-17 08:09;2
2022-03-17 08:10;5
2022-03-17 08:11;3
2022-03-17 08:12;3
2022-03-17 08:13;4
2022-03-17 08:14;3
2022-03-17 08:15;3
2022-03-17 08:16;4
2022-03-17 08:17;5
2022-03-17 08:18;3
2022-03-17 08:19;3
2022-03-17 08:20;7
2022-03-17 08:21;1
2022-03-17 08:22;4
2022-03-17 08:23;3
2022-03-17 08:24;6
2022-03-17 08:25;4
2022-03-17 08:26;3
2022-03-17 08:27;2
2022-03-17 08:28;5
2022-03-17 08:29;9
2022-03-17 08:30;3
2022-03-17 08:31;2
2022-03-17 08:32;2
2022-03-17 08:33;2
2022-03-17 08:34;5
2022-03-17 08:35;3
2022-03-17 08:36;6
2022-03-17 08:37;4
2022-03-17 08:38;2
2022-03-17 08:39;2
2022-03-17 08:40;3
2022-03-17 08:41;2
2022-03-17 08:42;5
2022-03-17 08:43;6
2022-03-17 08:44;1
2022-03-17 08:45;4
2022-03-17 08:46;5
2022-03-17 08:47;4
2022-03-17 08:48;1
2022-03-17 08:49;6
2022-03-17 08:50;8
2022-03-17 08:51;5
2022-03-17 08:52;4
2022-03-17 08:53;5
2022-03-17 08:54;6
2022-03-17 08:55;6
2022-03-17 08:56;4
2022-03-17 08:57;2
2022-03-17 08:58;3
2022-03-17 08:59;5
2022-03-17 09:00;6
2022-03-17 09:01;6
2022-03-17 09:02;4
2022-03-17 09:03;7
2022-03-17 09:04;3
2022-03-17 09:05;3
2022-03-17 09:06;5
2022-03-17 09:07;5
2022-03-17 09:08;4
2022-03-17 09:09;8
2022-03-17 09:10;7
2022-03-17 09:11;4
2022-03-17 09:12;2
2022-03-17 09:13;6
2022-03-17 09:14;2
2022-03-17 09:15;3
2022-03-17 09:16;4
2022-03-17 09:17;4
2022-03-17 09:18;8
2022-03-17 09:19;2
2022-03-17 09:20;2
2022-03-17 09:21;4
2022-03-17 09:22;2
2022-03-17 09:23;8
2022-03-17 09:24;3
2022-03-17 09:25;7
2022-03-17 09:26;6
2022-03-17 09:27;3
2022-03-17 09:28;5
2022-03-17 09:29;5
2022-03-17 09:30;4
2022-03-17 09:31;2
2022-03-17 09:32;3
2022-03-17 09:33;2
2022-03-17 09:34;7
2022-03-17 09:35;3
2022-03-17 09:36;2
2022-03-17 09:37;4
2022-03-17 09:38;3
2022-03-17 09:39;7
2022-03-17 09:40;5
2022-03-17 09:41;7
2022-03-17 09:42;3
2022-03-17 09:43;4
2022-03-17 09:44;2
2022-03-17 09:45;4
2022-03-17 09:46;4
2022-03-17 09:47;5
2022-03-17 09:48;4
2022-03-17 09:49;6
2022-03-17 09:50;4
2022-03-17 09:51;3
2022-03-17 09:52;4
2022-03-17 09:53;3
2022-03-17 09:54;6
2022-03-17 09:55;3
2022-03-17 09:56;3
2022-03-17 09:57;5
2022-03-17 09:58;4
2022-03-17 09:59;5
2022-03-17 10:00;3
2022-03-17 10:01;5
2022-03-17 10:02;2
2022-03-17 10:03;7
2022-03-17 10:04;5
2022-03-17 10:05;5
2022-03-17 10:06;2
2022-03-17 10:07;4
2022-03-17 10:08;5
2022-03-17 10:09;4
2022-03-17 10:10;3
2022-03-17 10:11;5
2022-03-17 10:12;4
2022-03-17 10:13;4
2022-03-17 10:14;4
2022-03-17 10:15;5
2022-03-17 10:16;2
2022-03-17 10:17;2
2022-03-17 10:18;3
2022-03-17 10:19;1
2022-03-17 10:20;4
2022-03-17 10:21;6
2022-03-17 10:22;2
2022-03-17 10:23;5
2022-03-17 10:24;6
2022-03-17 10:25;6
2022-03-17 10:26;5
2022-03-17 10:27;5
2022-03-17 10:28;5
2022-03-17 10:29;3
2022-03-17 10:30;3
2022-03-17 10:31;3
2022-03-17 10:32;7
2022-03-17 10:33;9
2022-03-17 10:34;4
2022-03-17 10:35;6
2022-03-17 10:36;5
2022-03-17 10:37;9
2022-03-17 10:38;6
2022-03-17 10:39;6
2022-03-17 10:40;2
2022-03-17 10:41;7
2022-03-17 10:42;2
2022-03-17 10:43;4
2022-03-17 10:44;8
2022-03-17 10:45;4
2022-03-17 10:46;6
2022-03-17 10:47;1
2022-03-17 10:48;5
2022-03-17 10:49;5
2022-03-17 10:50;1
2022-03-17 10:51;3
2022-03-17 10:52;2
2022-03-17 10:53;4
2022-03-17 10:54;2
2022-03-17 10:55;2
2022-03-17 10:56;4
2022-03-17 10:57;3
2022-03-17 10:58;2
2022-03-17 10:59;7
2022-03-17 11:00;3
2022-03-17 11:01;6
2022-03-17 11:02;3
2022-03-17 11:03;6
2022-03-17 11:04;5
2022-03-17 11:06;7
2022-03-17 11:07;1
2022-03-17 11:08;5
2022-03-17 11:09;5
2022-03-17 11:10;3
2022-03-17 11:11;5
2022-03-17 11:12;1
2022-03-17 11:13;4
2022-03-17 11:14;6
2022-03-17 11:15;10
2022-03-17 11:16;10
2022-03-17 11:17;4
2022-03-17 11:18;3
2022-03-17 11:19;4
2022-03-17 11:20;2
2022-03-17 11:21;5
2022-03-17 11:22;4
2022-03-17 11:23;6
2022-03-17 11:24;3
2022-03-17 11:25;6
2022-03-17 11:26;2
2022-03-17 11:27;2
2022-03-17 11:28;4
2022-03-17 11:29;5
2022-03-17 11:30;6
2022-03-17 11:31;5
2022-03-17 11:32;5
2022-03-17 11:33;4
2022-03-17 11:34;3
2022-03-17 11:35;4
2022-03-17 11:36;4
2022-03-17 11:37;3
2022-03-17 11:38;4
2022-03-17 11:39;8
2022-03-17 11:40;1
2022-03-17 11:41;8
2022-03-17 11:42;3
2022-03-17 11:43;1
2022-03-17 11:44;1
2022-03-17 11:45;5
2022-03-17 11:46;3
2022-03-17 11:47;4
2022-03-17 11:48;8
2022-03-17 11:49;2
2022-03-17 11:50;8
2022-03-17 11:51;4
2022-03-17 11:52;6
2022-03-17 11:53;1
2022-03-17 11:54;5
2022-03-17 11:55;4
2022-03-17 11:56;1
2022-03-17 11:57;4
2022-03-17 11:58;3
2022-03-17 12:00;3
2022-03-17 12:01;7
2022-03-17 12:02;4
2022-03-17 12:03;4
2022-03-17 12:04;5
2022-03-17 12:05;7
2022-03-17 12:06;9
2022-03-17 12:07;3
2022-03-17 12:08;1
2022-03-17 12:09;6
2022-03-17 12:10;5
2022-03-17 12:11;3
2022-03-17 12:12;4
2022-03-17 12:13;5
2022-03-17 12:14;4
2022-03-17 12:15;5
2022-03-17 12:16;3
2022-03-17 12:17;2
2022-03-17 12:18;7
2022-03-17 12:19;6
2022-03-17 12:20;7
2022-03-17 12:21;2
2022-03-17 12:22;4
2022-03-17 12:23;4
2022-03-17 12:24;5
2022-03-17 12:25;7
2022-03-17 12:26;5
2022-03-17 12:27;4
2022-03-17 12:28;5
2022-03-17 12:29;3
2022-03-17 12:30;4
2022-03-17 12:31;6
2022-03-17 12:32;5
2022-03-17 12:33;3
2022-03-17 12:34;5
2022-03-17 12:35;2
2022-03-17 12:36;9
2022-03-17 12:37;5
2022-03-17 12:38;3
2022-03-17 12:39;2
2022-03-17 12:40;6
2022-03-17 12:41;4
2022-03-17 12:42;5
2022-03-17 12:43;5
2022-03-17 12:44;6
2022-03-17 12:45;3
2022-03-17 12:46;4
2022-03-17 12:47;7
2022-03-17 12:48;5
2022-03-17 12:49;12
2022-03-17 12:50;5
2022-03-17 12:51;1
2022-03-17 12:52;5
2022-03-17 12:53;6
2022-03-17 12:54;3
2022-03-17 12:55;7
2022-03-17 12:56;3
2022-03-17 12:57;4
2022-03-17 12:58;1
2022-03-17 12:59;6
2022-03-17 13:00;4
2022-03-17 13:01;5
2022-03-17 13:02;3
2022-03-17 13:03;7
2022-03-17 13:04;5
2022-03-17 13:05;5
2022-03-17 13:06;3
2022-03-17 13:07;6
2022-03-17 13:08;1
2022-03-17 13:09;2
2022-03-17 13:10;3
2022-03-17 13:11;7
2022-03-17 13:12;9
2022-03-17 13:13;7
2022-03-17 13:14;7
2022-03-17 13:15;3
2022-03-17 13:16;5
2022-03-17 13:17;4
2022-03-17 13:18;3
2022-03-17 13:19;7
2022-03-17 13:20;5
2022-03-17 13:21;5
2022-03-17 13:22;3
2022-03-17 13:23;4
2022-03-17 13:24;10
2022-03-17 13:25;10
2022-03-17 13:26;4
2022-03-17 13:27;6
2022-03-17 13:28;3
2022-03-17 13:29;6
2022-03-17 13:30;3
2022-03-17 13:31;7
2022-03-17 13:32;7
2022-03-17 13:33;8
2022-03-17 13:34;2
2022-03-17 13:35;3
2022-03-17 13:36;6
2022-03-17 13:37;7
2022-03-17 13:38;4
2022-03-17 13:39;2
2022-03-17 13:40;5
2022-03-17 13:41;4
2022-03-17 13:42;5
2022-03-17 13:43;2
2022-03-17 13:44;5
2022-03-17 13:45;7
2022-03-17 13:46;3
2022-03-17 13:47;4
2022-03-17 13:48;3
2022-03-17 13:49;1
2022-03-17 13:50;5
2022-03-17 13:51;2
2022-03-17 13:52;7
2022-03-17 13:53;4
2022-03-17 13:54;8
2022-03-17 13:55;6
2022-03-17 13:56;6
2022-03-17 13:57;6
2022-03-17 13:58;2
2022-03-17 13:59;6
2022-03-17 14:00;6
2022-03-17 14:01;2
2022-03-17 14:02;9
2022-03-17 14:03;5
2022-03-17 14:04;6
2022-03-17 14:05;4
2022-03-17 14:06;2
2022-03-17 14:07;8
2022-03-17 14:08;1
2022-03-17 14:09;7
2022-03-17 14:10;6
2022-03-17 14:11;4
2022-03-17 14:12;3
2022-03-17 14:13;4
2022-03-17 14:14;5
2022-03-17 14:15;1
2022-03-17 14:16;5
2022-03-17 14:17;7
2022-03-17 14:18;1
2022-03-17 14:19;5
2022-03-17 14:20;2
2022-03-17 14:22;6
2022-03-17 14:23;5
2022-03-17 14:24;6
2022-03-17 14:25;6
2022-03-17 14:26;3
2022-03-17 14:27;4
2022-03-17 14:29;3
2022-03-17 14:30;4
2022-03-17 14:31;6
2022-03-17 14:32;5
2022-03-17 14:33;2
2022-03-17 14:34;3
2022-03-17 14:35;6
2022-03-17 14:36;1
2022-03-17 14:37;10
2022-03-17 14:38;3
2022-03-17 14:39;2
2022-03-17 14:40;4
2022-03-17 14:41;8
2022-03-17 14:42;3
2022-03-17 14:43;2
2022-03-17 14:44;2
2022-03-17 14:45;5
2022-03-17 14:46;3
2022-03-17 14:47;4
2022-03-17 14:48;5
2022-03-17 14:49;4
2022-03-17 14:50;4
2022-03-17 14:51;3
2022-03-17 14:52;4
2022-03-17 14:53;4
2022-03-17 14:54;2
2022-03-17 14:55;3
2022-03-17 14:56;4
2022-03-17 14:57;3
2022-03-17 14:58;3
2022-03-17 14:59;5
2022-03-17 15:00;6
2022-03-17 15:01;5
2022-03-17 15:02;8
2022-03-17 15:03;3
2022-03-17 15:04;7
2022-03-17 15:05;3
2022-03-17 15:06;5
2022-03-17 15:07;4
2022-03-17 15:08;7
2022-03-17 15:09;4
2022-03-17 15:10;4
2022-03-17 15:11;5
2022-03-17 15:12;4
2022-03-17 15:13;2
2022-03-17 15:14;9
2022-03-17 15:15;6
2022-03-17 15:16;2
2022-03-17 15:17;1
2022-03-17 15:18;7
2022-03-17 15:19;8
2022-03-17 15:20;8
2022-03-17 15:21;4
2022-03-17 15:22;11
2022-03-17 15:23;6
2022-03-17 15:24;7
2022-03-17 15:25;4
2022-03-17 15:26;4
2022-03-17 15:27;9
2022-03-17 15:28;3
2022-03-17 15:29;8
2022-03-17 15:30;9
2022-03-17 15:31;3
2022-03-17 15:32;6
2022-03-17 15:33;2
2022-03-17 15:34;4
2022-03-17 15:35;5
2022-03-17 15:36;5
2022-03-17 15:37;3
2022-03-17 15:38;5
2022-03-17 15:39;5
2022-03-17 15:40;4
2022-03-17 15:41;5
2022-03-17 15:42;2
2022-03-17 15:43;6
2022-03-17 15:44;5
2022-03-17 15:45;7
2022-03-17 15:46;5
2022-03-17 15:47;7
2022-03-17 15:48;5
2022-03-17 15:49;3
2022-03-17 15:50;6
2022-03-17 15:51;10
2022-03-17 15:52;7
2022-03-17 15:53;6
2022-03-17 15:54;6
2022-03-17 15:55;5
2022-03-17 15:56;5
2022-03-17 15:57;8
2022-03-17 15:58;4
2022-03-17 15:59;4
2022-03-17 16:00;6
2022-03-17 16:02;5
2022-03-17 16:03;5
2022-03-17 16:04;9
2022-03-17 16:05;8
2022-03-17 16:06;8
2022-03-17 16:07;5
2022-03-17 16:08;9
2022-03-17 16:09;5
2022-03-17 16:10;3
2022-03-17 16:11;9
2022-03-17 16:12;5
2022-03-17 16:13;7
2022-03-17 16:14;8
2022-03-17 16:15;5
2022-03-17 16:16;9
2022-03-17 16:17;4
2022-03-17 16:18;5
2022-03-17 16:19;4
2022-03-17 16:20;7
2022-03-17 16:21;7
2022-03-17 16:22;5
2022-03-17 16:23;2
2022-03-17 16:24;1
2022-03-17 16:25;4
2022-03-17 16:26;9
2022-03-17 16:27;5
2022-03-17 16:28;4
2022-03-17 16:29;8
2022-03-17 16:30;1
2022-03-17 16:31;2
2022-03-17 16:32;4
2022-03-17 16:33;4
2022-03-17 16:34;6
2022-03-17 16:35;4
2022-03-17 16:36;3
2022-03-17 16:37;4
2022-03-17 16:38;3
2022-03-17 16:39;3
2022-03-17 16:40;6
2022-03-17 16:41;2
2022-03-17 16:42;6
2022-03-17 16:43;4
2022-03-17 16:44;8
2022-03-17 16:45;8
2022-03-17 16:46;7
2022-03-17 16:47;6
2022-03-17 16:48;6
2022-03-17 16:49;2
2022-03-17 16:50;5
2022-03-17 16:51;10
2022-03-17 16:52;5
2022-03-17 16:53;11
2022-03-17 16:54;12
2022-03-17 16:55;10
2022-03-17 16:56;5
2022-03-17 16:57;2
2022-03-17 16:58;8
2022-03-17 16:59;6
2022-03-17 17:00;19
2022-03-17 17:01;5
2022-03-17 17:02;7
2022-03-17 17:03;10
2022-03-17 17:04;13
2022-03-17 17:05;9
2022-03-17 17:06;10
2022-03-17 17:07;8
2022-03-17 17:08;10
2022-03-17 17:09;6
2022-03-17 17:10;9
2022-03-17 17:11;9
2022-03-17 17:12;7
2022-03-17 17:13;7
2022-03-17 17:14;10
2022-03-17 17:15;6
2022-03-17 17:16;4
2022-03-17 17:17;13
2022-03-17 17:18;6
2022-03-17 17:19;9
2022-03-17 17:20;9
2022-03-17 17:21;5
2022-03-17 17:22;6
2022-03-17 17:23;8
2022-03-17 17:24;12
2022-03-17 17:25;7
2022-03-17 17:26;10
2022-03-17 17:27;13
2022-03-17 17:28;7
2022-03-17 17:29;14
2022-03-17 17:30;8
2022-03-17 17:31;9
2022-03-17 17:32;17
2022-03-17 17:33;11
2022-03-17 17:34;12
2022-03-17 17:35;5
2022-03-17 17:36;6
2022-03-17 17:37;17
2022-03-17 17:38;7
2022-03-17 17:39;5
2022-03-17 17:40;11
2022-03-17 17:41;14
2022-03-17 17:42;10
2022-03-17 17:43;9
2022-03-17 17:44;8
2022-03-17 17:45;17
2022-03-17 17:46;13
2022-03-17 17:47;9
2022-03-17 17:48;11
2022-03-17 17:49;6
2022-03-17 17:50;5
2022-03-17 17:51;6
2022-03-17 17:52;12
2022-03-17 17:53;5
2022-03-17 17:54;7
2022-03-17 17:55;5
2022-03-17 17:56;7
2022-03-17 17:57;11
2022-03-17 17:58;8
2022-03-17 17:59;9
2022-03-17 18:00;11
2022-03-17 18:01;6
2022-03-17 18:02;6
2022-03-17 18:03;6
2022-03-17 18:04;4
2022-03-17 18:05;6
2022-03-17 18:06;9
2022-03-17 18:07;8
2022-03-17 18:08;10
2022-03-17 18:09;7
2022-03-17 18:10;15
2022-03-17 18:11;4
2022-03-17 18:12;4
2022-03-17 18:13;6
2022-03-17 18:14;9
2022-03-17 18:15;10
2022-03-17 18:16;9
2022-03-17 18:17;9
2022-03-17 18:18;8
2022-03-17 18:19;8
2022-03-17 18:20;9
2022-03-17 18:21;10
2022-03-17 18:22;9
2022-03-17 18:23;12
2022-03-17 18:24;6
2022-03-17 18:25;7
2022-03-17 18:26;6
2022-03-17 18:27;11
2022-03-17 18:28;3
2022-03-17 18:29;9
2022-03-17 18:30;8
2022-03-17 18:31;11
2022-03-17 18:32;3
2022-03-17 18:33;7
2022-03-17 18:34;10
2022-03-17 18:35;9
2022-03-17 18:36;4
2022-03-17 18:37;12
2022-03-17 18:38;9
2022-03-17 18:39;5
2022-03-17 18:40;5
2022-03-17 18:41;6
2022-03-17 18:42;8
2022-03-17 18:43;7
2022-03-17 18:44;10
2022-03-17 18:45;5
2022-03-17 18:46;5
2022-03-17 18:47;5
2022-03-17 18:48;2
2022-03-17 18:49;4
2022-03-17 18:50;7
2022-03-17 18:51;8
2022-03-17 18:52;6
2022-03-17 18:53;12
2022-03-17 18:54;2
2022-03-17 18:55;6
2022-03-17 18:56;10
2022-03-17 18:57;7
2022-03-17 18:58;5
2022-03-17 18:59;2
2022-03-17 19:00;4
2022-03-17 19:01;5
2022-03-17 19:02;7
2022-03-17 19:03;7
2022-03-17 19:04;6
2022-03-17 19:05;11
2022-03-17 19:06;10
2022-03-17 19:07;8
2022-03-17 19:08;8
2022-03-17 19:09;8
2022-03-17 19:10;5
2022-03-17 19:11;3
2022-03-17 19:12;4
2022-03-17 19:13;8
2022-03-17 19:14;3
2022-03-17 19:15;5
2022-03-17 19:16;6
2022-03-17 19:17;5
2022-03-17 19:18;3
2022-03-17 19:19;6
2022-03-17 19:20;7
2022-03-17 19:21;5
2022-03-17 19:22;10
2022-03-17 19:23;7
2022-03-17 19:24;4
2022-03-17 19:25;4
2022-03-17 19:26;4
2022-03-17 19:27;4
2022-03-17 19:28;5
2022-03-17 19:29;7
2022-03-17 19:30;10
2022-03-17 19:31;3
2022-03-17 19:32;6
2022-03-17 19:33;4
2022-03-17 19:34;5
2022-03-17 19:35;7
2022-03-17 19:36;6
2022-03-17 19:37;6
2022-03-17 19:38;6
2022-03-17 19:39;7
2022-03-17 19:40;5
2022-03-17 19:41;7
2022-03-17 19:42;2
2022-03-17 19:43;6
2022-03-17 19:44;3
2022-03-17 19:45;7
2022-03-17 19:47;4
2022-03-17 19:48;8
2022-03-17 19:49;8
2022-03-17 19:50;5
2022-03-17 19:51;2
2022-03-17 19:52;4
2022-03-17 19:53;3
2022-03-17 19:54;5
2022-03-17 19:55;7
2022-03-17 19:56;6
2022-03-17 19:57;7
2022-03-17 19:58;5
2022-03-17 19:59;6
2022-03-17 20:00;4
2022-03-17 20:01;3
2022-03-17 20:02;5
2022-03-17 20:03;6
2022-03-17 20:04;5
2022-03-17 20:05;9
2022-03-17 20:06;5
2022-03-17 20:07;4
2022-03-17 20:08;7
2022-03-17 20:09;6
2022-03-17 20:10;3
2022-03-17 20:11;4
2022-03-17 20:12;6
2022-03-17 20:13;7
2022-03-17 20:14;6
2022-03-17 20:15;13
2022-03-17 20:16;5
2022-03-17 20:17;3
2022-03-17 20:18;4
2022-03-17 20:19;3
2022-03-17 20:20;7
2022-03-17 20:21;5
2022-03-17 20:22;5
2022-03-17 20:23;3
2022-03-17 20:24;4
2022-03-17 20:25;3
2022-03-17 20:26;5
2022-03-17 20:27;6
2022-03-17 20:28;4
2022-03-17 20:29;8
2022-03-17 20:30;6
2022-03-17 20:31;4
2022-03-17 20:32;6
2022-03-17 20:33;8
2022-03-17 20:34;5
2022-03-17 20:35;6
2022-03-17 20:36;7
2022-03-17 20:37;6
2022-03-17 20:38;11
2022-03-17 20:39;6
2022-03-17 20:40;8
2022-03-17 20:41;7
2022-03-17 20:42;6
2022-03-17 20:43;4
2022-03-17 20:44;5
2022-03-17 20:45;9
2022-03-17 20:46;6
2022-03-17 20:47;5
2022-03-17 20:48;6
2022-03-17 20:49;10
2022-03-17 20:50;2
2022-03-17 20:51;3
2022-03-17 20:52;3
2022-03-17 20:53;3
2022-03-17 20:54;6
2022-03-17 20:55;4
2022-03-17 20:56;5
2022-03-17 20:57;6
2022-03-17 20:58;3
2022-03-17 20:59;7
2022-03-17 21:00;4
2022-03-17 21:01;8
2022-03-17 21:02;7
2022-03-17 21:03;4
2022-03-17 21:04;6
2022-03-17 21:05;7
2022-03-17 21:06;5
2022-03-17 21:07;4
2022-03-17 21:08;5
2022-03-17 21:09;3
2022-03-17 21:10;3
2022-03-17 21:11;3
2022-03-17 21:12;4
2022-03-17 21:13;9
2022-03-17 21:14;5
2022-03-17 21:15;7
2022-03-17 21:16;1
2022-03-17 21:17;2
2022-03-17 21:18;7
2022-03-17 21:19;3
2022-03-17 21:20;4
2022-03-17 21:22;4
2022-03-17 21:23;4
2022-03-17 21:24;3
2022-03-17 21:25;2
2022-03-17 21:27;4
2022-03-17 21:28;2
2022-03-17 21:29;2
2022-03-17 21:30;3
2022-03-17 21:31;3
2022-03-17 21:32;3
2022-03-17 21:33;7
2022-03-17 21:34;5
2022-03-17 21:35;6
2022-03-17 21:36;5
2022-03-17 21:37;6
2022-03-17 21:38;4
2022-03-17 21:39;1
2022-03-17 21:40;4
2022-03-17 21:41;2
2022-03-17 21:42;1
2022-03-17 21:43;3
2022-03-17 21:44;4
2022-03-17 21:45;7
2022-03-17 21:46;6
2022-03-17 21:47;5
2022-03-17 21:48;4
2022-03-17 21:49;5
2022-03-17 21:50;3
2022-03-17 21:51;3
2022-03-17 21:52;4
2022-03-17 21:53;2
2022-03-17 21:55;3
2022-03-17 21:56;6
2022-03-17 21:57;2
2022-03-17 21:58;2
2022-03-17 21:59;4
2022-03-17 22:00;4
2022-03-17 22:01;5
2022-03-17 22:02;4
2022-03-17 22:03;1
2022-03-17 22:04;3
2022-03-17 22:05;2
2022-03-17 22:06;1
2022-03-17 22:07;2
2022-03-17 22:08;1
2022-03-17 22:09;3
2022-03-17 22:10;5
2022-03-17 22:11;3
2022-03-17 22:12;3
2022-03-17 22:13;4
2022-03-17 22:14;2
2022-03-17 22:15;3
2022-03-17 22:16;1
2022-03-17 22:17;1
2022-03-17 22:18;5
2022-03-17 22:19;1
2022-03-17 22:20;4
2022-03-17 22:21;4
2022-03-17 22:22;3
2022-03-17 22:23;2
2022-03-17 22:24;1
2022-03-17 22:25;2
2022-03-17 22:26;2
2022-03-17 22:27;1
2022-03-17 22:29;4
2022-03-17 22:31;4
2022-03-17 22:32;1
2022-03-17 22:33;1
2022-03-17 22:35;4
2022-03-17 22:37;1
2022-03-17 22:38;2
2022-03-17 22:39;2
2022-03-17 22:40;1
2022-03-17 22:41;1
2022-03-17 22:42;1
2022-03-17 22:43;3
2022-03-17 22:44;1
2022-03-17 22:45;2
2022-03-17 22:46;3
2022-03-17 22:47;3
2022-03-17 22:48;2
2022-03-17 22:49;1
2022-03-17 22:51;1
2022-03-17 22:53;2
2022-03-17 22:54;3
2022-03-17 22:56;3
2022-03-17 23:00;1
2022-03-17 23:02;4
2022-03-17 23:03;1
2022-03-17 23:04;1
2022-03-17 23:05;1
2022-03-17 23:06;1
2022-03-17 23:07;2
2022-03-17 23:08;1
2022-03-17 23:09;1
2022-03-17 23:10;3
2022-03-17 23:13;1
2022-03-17 23:14;2
2022-03-17 23:15;2
2022-03-17 23:16;1
2022-03-17 23:17;2
2022-03-17 23:18;1
2022-03-17 23:19;1
2022-03-17 23:20;1
2022-03-17 23:21;2
2022-03-17 23:22;1
2022-03-17 23:23;2
2022-03-17 23:24;2
2022-03-17 23:26;2
2022-03-17 23:27;1
2022-03-17 23:28;1
2022-03-17 23:29;1
2022-03-17 23:30;2
2022-03-17 23:31;1
2022-03-17 23:32;1
2022-03-17 23:33;1
2022-03-17 23:43;1
2022-03-17 23:44;1
2022-03-17 23:45;3
2022-03-17 23:47;2
2022-03-17 23:48;1
2022-03-17 23:50;1
2022-03-17 23:53;1
2022-03-17 23:55;1
2022-03-17 23:59;2
2022-03-18 00:00;1
2022-03-18 00:04;1
2022-03-18 00:11;1
2022-03-18 00:14;1
2022-03-18 00:17;1
2022-03-18 00:18;1
2022-03-18 00:19;1
2022-03-18 00:20;1
2022-03-18 00:21;1
2022-03-18 00:30;1
2022-03-18 00:31;1
2022-03-18 00:41;1
2022-03-18 00:42;1
2022-03-18 00:49;1
2022-03-18 00:56;1
2022-03-18 01:04;1
2022-03-18 01:15;1
2022-03-18 01:34;1
2022-03-18 01:45;1
2022-03-18 01:53;1
2022-03-18 02:00;1
2022-03-18 02:07;1
2022-03-18 02:08;1
2022-03-18 02:15;1
2022-03-18 02:23;1
2022-03-18 02:30;1
2022-03-18 02:32;1
2022-03-18 03:00;2
2022-03-18 03:15;1
2022-03-18 03:16;1
2022-03-18 03:22;1
2022-03-18 03:27;1
2022-03-18 03:30;1
2022-03-18 03:40;1
2022-03-18 03:55;1
2022-03-18 04:00;1
2022-03-18 04:03;1
2022-03-18 04:09;1
2022-03-18 04:15;1
2022-03-18 04:18;1
2022-03-18 04:40;1
2022-03-18 04:49;1
2022-03-18 05:05;1
2022-03-18 05:14;1
2022-03-18 05:15;1
2022-03-18 05:16;1
2022-03-18 05:17;1
2022-03-18 05:19;1
2022-03-18 05:20;1
2022-03-18 05:26;1
2022-03-18 05:29;1
2022-03-18 05:30;1
2022-03-18 05:46;1
2022-03-18 05:47;2
2022-03-18 05:48;1
2022-03-18 05:51;1
2022-03-18 05:58;1
2022-03-18 05:59;1
2022-03-18 06:00;1
2022-03-18 06:01;1
2022-03-18 06:02;1
2022-03-18 06:03;1
2022-03-18 06:04;1
2022-03-18 06:05;1
2022-03-18 06:06;1
2022-03-18 06:08;1
2022-03-18 06:10;2
2022-03-18 06:11;1
2022-03-18 06:14;2
2022-03-18 06:15;2
2022-03-18 06:16;1
2022-03-18 06:17;3
2022-03-18 06:18;4
2022-03-18 06:19;2
2022-03-18 06:20;2
2022-03-18 06:21;1
2022-03-18 06:22;2
2022-03-18 06:23;1
2022-03-18 06:27;3
2022-03-18 06:29;1
2022-03-18 06:30;1
2022-03-18 06:31;1
2022-03-18 06:32;2
2022-03-18 06:34;3
2022-03-18 06:37;2
2022-03-18 06:38;4
2022-03-18 06:39;2
2022-03-18 06:40;3
2022-03-18 06:42;2
2022-03-18 06:43;2
2022-03-18 06:44;3
2022-03-18 06:45;2
2022-03-18 06:46;1
2022-03-18 06:47;2
2022-03-18 06:48;3
2022-03-18 06:49;3
2022-03-18 06:50;3
2022-03-18 06:51;1
2022-03-18 06:52;1
2022-03-18 06:53;1
2022-03-18 06:54;5
2022-03-18 06:57;5
2022-03-18 06:58;2
2022-03-18 06:59;5
2022-03-18 07:00;5
2022-03-18 07:01;4
2022-03-18 07:02;4
2022-03-18 07:03;2
2022-03-18 07:04;5
2022-03-18 07:05;2
2022-03-18 07:06;7
2022-03-18 07:07;1
2022-03-18 07:08;7
2022-03-18 07:09;5
2022-03-18 07:10;7
2022-03-18 07:11;6
2022-03-18 07:12;1
2022-03-18 07:13;5
2022-03-18 07:14;4
2022-03-18 07:15;7
2022-03-18 07:16;6
2022-03-18 07:17;5
2022-03-18 07:18;6
2022-03-18 07:19;5
2022-03-18 07:20;6
2022-03-18 07:21;6
2022-03-18 07:22;6
2022-03-18 07:23;8
2022-03-18 07:24;7
2022-03-18 07:25;3
2022-03-18 07:26;2
2022-03-18 07:27;7
2022-03-18 07:28;3
2022-03-18 07:29;4
2022-03-18 07:30;8
2022-03-18 07:31;8
2022-03-18 07:32;3
2022-03-18 07:33;3
2022-03-18 07:34;2
2022-03-18 07:35;6
2022-03-18 07:36;4
2022-03-18 07:37;3
2022-03-18 07:38;8
2022-03-18 07:39;6
2022-03-18 07:40;5
2022-03-18 07:41;9
2022-03-18 07:42;2
2022-03-18 07:43;2
2022-03-18 07:44;3
2022-03-18 07:45;3
2022-03-18 07:46;2
2022-03-18 07:47;5
2022-03-18 07:48;5
2022-03-18 07:49;11
2022-03-18 07:50;9
2022-03-18 07:51;5
2022-03-18 07:52;6
2022-03-18 07:53;3
2022-03-18 07:54;4
2022-03-18 07:55;3
2022-03-18 07:56;6
2022-03-18 07:57;5
2022-03-18 07:58;8
2022-03-18 07:59;6
2022-03-18 08:00;8
2022-03-18 08:01;1
2022-03-18 08:02;4
2022-03-18 08:03;1
2022-03-18 08:04;2
2022-03-18 08:05;9
2022-03-18 08:06;5
2022-03-18 08:07;3
2022-03-18 08:08;2
2022-03-18 08:09;8
2022-03-18 08:10;2
2022-03-18 08:11;4
2022-03-18 08:12;7
2022-03-18 08:13;6
2022-03-18 08:15;4
2022-03-18 08:16;2
2022-03-18 08:17;3
2022-03-18 08:18;2
2022-03-18 08:19;1
2022-03-18 08:20;1
2022-03-18 08:22;2
2022-03-18 08:23;4
2022-03-18 08:24;4
2022-03-18 08:25;3
2022-03-18 08:26;6
2022-03-18 08:27;4
2022-03-18 08:28;4
2022-03-18 08:29;5
2022-03-18 08:30;4
